name,value
BGD,0.003
SOM,0
YEM,0.0001
AFG,0.008
LBY,0.022
MRT,0.008
SDN,0.013
EGY,0.093
IDN,0.085
IRN,0.074
KWT,0.073
PAK,0.094
SYR,0.096
NER,0.15
TLS,0.22
JOR,0.25
TON,0.31
SLE,0.33
TUV,0.32
DJI,0.35
COM,0.41
SEN,0.4
DZA,0.46
GIN,0.54
MAR,0.57
GMB,0.62
IRQ,0.64
TJK,0.73
OMN,0.73
BRN,0.71
ARE,0.82
MYS,0.81
SSD,0.77
SLB,0.83
MDG,0.86
KIR,1.03
TGO,1.2
PNG,1.27
QAT,1.29
ERI,1.31
MDV,1.62
LBN,1.59
BHR,1.66
GTM,1.7
MWI,1.7
TUN,1.81
MOZ,1.91
VUT,1.89
MMR,1.87
CAN,10.03
DNK,9.97
EST,10.49
RUS,10.51
IRL,10.55
VNM,10.72
LUX,10.8
HRV,10.85
SVN,10.9
GBR,10.86
ESP,10.97
SVK,10.97
AND,11.06
LAO,11.17
AUS,11.15
DEU,11.24
PRT,11.22
FRA,11.2
HUN,11.25
LCA,11.39
SYC,11.41
BLR,11.4
BGR,11.54
AUT,11.85
POL,11.92
NAM,11.99
LTU,12.18
CZE,13.68
MDA,14.13
LVA,14.73
GEO,15.54
ROU,17.06
COD,1.97
SGP,1.96
FSM,1.96
UZB,2.06
CAF,2.11
TUR,2.2
NGA,2.31
AZE,2.32
VEN,2.34
KEN,2.48
ECU,2.69
LKA,2.7
LBR,2.83
WSM,2.86
TCD,3.02
NRU,2.97
TKM,3.02
ETH,3.14
HND,3.14
ISR,3.12
GNB,3.22
NIU,3.28
HTI,3.32
SLV,3.4
FJI,3.48
MLI,3.56
BOL,3.61
ZMB,3.61
NPL,3.73
CPV,3.83
LSO,3.85
CRI,3.8
KGZ,3.92
NIC,3.93
JAM,3.93
AGO,3.98
ARM,4.3
COL,4.32
GHA,4.44
BTN,4.44
CIV,4.49
CHN,4.52
IND,4.54
BDI,4.54
TTO,4.77
PRK,4.75
ALB,4.97
BLZ,5.07
DOM,5.17
CYP,5.21
GUY,5.28
ZWE,5.43
KAZ,5.37
KHM,5.4
TZA,5.56
CUB,5.63
STP,5.67
PHL,5.69
MKD,5.76
SUR,5.92
MEX,6.01
BWA,6.04
GNQ,6.07
URY,6.16
MLT,6.2
UGA,6.33
BIH,6.33
JPN,6.31
PAN,6.27
COG,6.35
RWA,6.47
PRY,6.66
PER,6.79
VCT,6.81
BHS,6.91
BEN,6.98
GRC,6.98
DMA,6.98
KNA,7.01
SWZ,7.22
UKR,7.43
BFA,7.46
NOR,7.48
THA,7.63
MUS,7.65
MNG,7.74
GRD,7.77
ZAF,7.79
GAB,7.87
CHL,7.93
CMR,7.97
MNE,8.01
ISL,8.21
ITA,8.33
KOR,8.36
NLD,8.7
BEL,8.74
ARG,8.84
SRB,9.03
NZL,9.21
CHE,9.16
BRA,9.38
ATG,9.43
FIN,9.51
BRB,9.49
SWE,9.61
USA,9.81
BGD,0.003
SOM,0
YEM,0.0001
AFG,0.008
LBY,0.022
MRT,0.008
SDN,0.013
EGY,0.093
IDN,0.085
IRN,0.074
KWT,0.073
PAK,0.094
SYR,0.096
NER,0.15
TLS,0.22
JOR,0.25
TON,0.31
SLE,0.33
TUV,0.32
DJI,0.35
COM,0.41
SEN,0.4
DZA,0.46
GIN,0.54
MAR,0.57
GMB,0.62
IRQ,0.64
TJK,0.73
OMN,0.73
BRN,0.71
ARE,0.82
MYS,0.81
SSD,0.77
SLB,0.83
MDG,0.86
KIR,1.03
TGO,1.2
PNG,1.27
QAT,1.29
ERI,1.31
MDV,1.62
LBN,1.59
BHR,1.66
GTM,1.7
MWI,1.7
TUN,1.81
MOZ,1.91
VUT,1.89
MMR,1.87
CAN,10.03
DNK,9.97
EST,10.49
RUS,10.51
IRL,10.55
VNM,10.72
LUX,10.8
HRV,10.85
SVN,10.9
GBR,10.86
ESP,10.97
SVK,10.97
AND,11.06
LAO,11.17
AUS,11.15
DEU,11.24
PRT,11.22
FRA,11.2
HUN,11.25
LCA,11.39
SYC,11.41
BLR,11.4
BGR,11.54
AUT,11.85
POL,11.92
NAM,11.99
LTU,12.18
CZE,13.68
MDA,14.13
LVA,14.73
GEO,15.54
ROU,17.06
COD,1.97
SGP,1.96
FSM,1.96
UZB,2.06
CAF,2.11
TUR,2.2
NGA,2.31
AZE,2.32
VEN,2.34
KEN,2.48
ECU,2.69
LKA,2.7
LBR,2.83
WSM,2.86
TCD,3.02
NRU,2.97
TKM,3.02
ETH,3.14
HND,3.14
ISR,3.12
GNB,3.22
NIU,3.28
HTI,3.32
SLV,3.4
FJI,3.48
MLI,3.56
BOL,3.61
ZMB,3.61
NPL,3.73
CPV,3.83
LSO,3.85
CRI,3.8
KGZ,3.92
NIC,3.93
JAM,3.93
AGO,3.98
ARM,4.3
COL,4.32
GHA,4.44
BTN,4.44
CIV,4.49
CHN,4.52
IND,4.54
BDI,4.54
TTO,4.77
PRK,4.75
ALB,4.97
BLZ,5.07
DOM,5.17
CYP,5.21
GUY,5.28
ZWE,5.43
KAZ,5.37
KHM,5.4
TZA,5.56
CUB,5.63
STP,5.67
PHL,5.69
MKD,5.76
SUR,5.92
MEX,6.01
BWA,6.04
GNQ,6.07
URY,6.16
MLT,6.2
UGA,6.33
BIH,6.33
JPN,6.31
PAN,6.27
COG,6.35
RWA,6.47
PRY,6.66
PER,6.79
VCT,6.81
BHS,6.91
BEN,6.98
GRC,6.98
DMA,6.98
KNA,7.01
SWZ,7.22
UKR,7.43
BFA,7.46
NOR,7.48
THA,7.63
MUS,7.65
MNG,7.74
GRD,7.77
ZAF,7.79
GAB,7.87
CHL,7.93
CMR,7.97
MNE,8.01
ISL,8.21
ITA,8.33
KOR,8.36
NLD,8.7
BEL,8.74
ARG,8.84
SRB,9.03
NZL,9.21
CHE,9.16
BRA,9.38
ATG,9.43
FIN,9.51
BRB,9.49
SWE,9.61
USA,9.81
BGD,0.004
SOM,0
YEM,0.0001
AFG,0.01
LBY,0.021
MRT,0.008
SDN,0.011
EGY,0.097
IDN,0.09
IRN,0.074
KWT,0.073
PAK,0.097
NER,0.13
SYR,0.12
TLS,0.21
JOR,0.25
SLE,0.26
DJI,0.33
TON,0.31
TUV,0.32
COM,0.37
SEN,0.43
DZA,0.48
GIN,0.53
MAR,0.59
IRQ,0.64
GMB,0.69
BRN,0.71
SSD,0.77
OMN,0.77
TJK,0.77
MYS,0.79
SLB,0.8
MDG,0.94
KIR,1.06
QAT,1.16
TGO,1.17
ARE,1.29
ERI,1.33
PNG,1.4
MWI,1.52
LBN,1.63
BHR,1.66
GTM,1.68
MDV,1.82
SGP,1.8
TUN,1.87
CAN,10.09
VNM,10.57
RUS,10.56
IRL,10.63
ESP,10.66
GBR,10.79
HRV,10.81
PRT,10.88
AUS,11.02
LUX,10.96
AND,11.02
SVK,11.11
LAO,11.17
BLR,11.2
HUN,11.26
DEU,11.31
SVN,11.29
FRA,11.43
LCA,11.36
BGR,11.44
SYC,11.67
NAM,11.83
AUT,11.88
LTU,11.98
POL,12.11
MDA,13.38
CZE,13.64
LVA,14.66
GEO,15.88
ROU,17.09
COD,2.02
MOZ,1.98
FSM,1.96
CAF,2.11
TUR,2.08
MMR,2.06
NGA,2.2
VUT,2.24
UZB,2.3
VEN,2.32
AZE,2.44
MLI,2.66
LKA,2.7
NRU,2.75
ECU,2.83
KEN,2.77
WSM,2.93
LBR,3
NIU,3.04
TKM,3.01
TCD,3.12
ISR,3.06
NPL,3.22
HND,3.2
GNB,3.23
ETH,3.3
HTI,3.35
SLV,3.43
CRI,3.56
ZMB,3.56
BOL,3.64
FJI,3.71
JAM,3.77
LSO,3.85
NIC,3.94
COL,4.08
KGZ,4.08
CPV,4.14
PRK,4.26
CIV,4.41
BDI,4.44
BTN,4.44
AGO,4.46
IND,4.54
GHA,4.55
ARM,4.7
KAZ,4.73
TTO,4.74
CHN,4.77
ALB,4.92
DOM,5.07
GUY,5.12
CYP,5.39
BLZ,5.4
TZA,5.45
ZWE,5.56
KHM,5.71
PHL,5.76
CUB,5.84
MKD,5.79
MEX,5.88
STP,5.86
SUR,6.14
BWA,6.06
BIH,6.2
URY,6.19
RWA,6.27
GNQ,6.35
COG,6.27
PAN,6.33
UGA,6.41
JPN,6.38
MLT,6.47
PRY,6.52
BHS,6.87
VCT,6.92
BEN,7.02
GRC,6.96
PER,7
SWZ,7.08
DMA,7.14
NOR,7.35
BFA,7.51
GAB,7.51
THA,7.66
ZAF,7.76
MNG,7.79
MUS,7.8
GRD,7.89
KNA,7.94
CHL,7.91
CMR,7.96
ISL,8
ARG,8.23
MNE,8.32
ITA,8.3
UKR,8.44
KOR,8.48
NLD,8.71
SRB,9.09
BEL,9.22
NZL,9.29
CHE,9.26
BRA,9.52
SWE,9.54
BRB,9.56
EST,9.68
USA,9.66
ATG,9.78
FIN,9.84
DNK,9.93
BGD,0.005
SOM,0
YEM,0.0004
AFG,0.011
LBY,0.02
MRT,0.012
SDN,0.009
EGY,0.1
IDN,0.099
IRN,0.07
KWT,0.077
PAK,0.1
NER,0.13
SYR,0.17
JOR,0.28
SLE,0.25
TLS,0.26
TON,0.31
COM,0.31
DJI,0.32
TUV,0.32
SEN,0.41
DZA,0.51
GIN,0.49
MAR,0.58
IRQ,0.65
BRN,0.71
SSD,0.73
GMB,0.76
MYS,0.81
TJK,0.81
OMN,0.84
SLB,0.94
MDG,1
KIR,1.12
QAT,1.14
TGO,1.15
ERI,1.35
MWI,1.52
PNG,1.53
BHR,1.6
SGP,1.63
GTM,1.68
LBN,1.7
MDV,1.87
CAN,10.04
BFA,10.27
FIN,10.38
ATG,10.4
ESP,10.61
RUS,10.67
GBR,10.74
HRV,10.75
PRT,10.8
BLR,10.82
VNM,10.92
AUS,10.88
IRL,11.02
LCA,10.98
LAO,11.08
SVN,11.08
AND,11.18
SVK,11.25
LUX,11.25
NAM,11.34
LTU,11.43
BGR,11.5
HUN,11.55
DEU,11.57
SYC,11.73
FRA,11.76
AUT,11.85
POL,12.04
MDA,12.32
CZE,13.75
LVA,14.1
GEO,15.57
ROU,17.11
COD,2.04
FSM,1.96
TUN,1.95
ARE,2.02
MOZ,2.03
CAF,2.14
TUR,2.07
NGA,2.13
MMR,2.16
AZE,2.3
VUT,2.37
NPL,2.52
UZB,2.49
NRU,2.55
VEN,2.51
NIU,2.72
MLI,2.67
LKA,2.68
KEN,2.78
LBR,3.03
TKM,2.99
ECU,3.05
ISR,3.05
WSM,3.17
HND,3.25
GNB,3.25
ETH,3.34
TCD,3.4
SLV,3.41
CRI,3.48
HTI,3.46
ZMB,3.62
PRK,3.61
BOL,3.71
JAM,3.8
COL,3.94
NIC,4.07
FJI,4.16
CPV,4.3
CIV,4.36
BTN,4.42
LSO,4.45
KGZ,4.43
BDI,4.46
GHA,4.59
IND,4.66
KAZ,4.84
DOM,4.83
TTO,4.8
ALB,4.89
ARM,4.97
CHN,5.1
GUY,5.11
TZA,5.21
AGO,5.29
MKD,5.43
RWA,5.82
CYP,5.79
MEX,5.91
ZWE,5.86
STP,5.92
BLZ,5.88
PHL,6.01
KHM,5.95
CUB,6.06
URY,6.14
COG,6.24
BIH,6.27
SUR,6.3
PRY,6.34
BWA,6.35
GNQ,6.44
UGA,6.5
PAN,6.5
JPN,6.51
NOR,6.9
GRC,7.01
MLT,7.03
BEN,7.14
SWZ,7.07
BHS,7.19
GAB,7.23
VCT,7.16
DMA,7.21
PER,7.35
CHL,7.37
CMR,7.48
ISL,7.63
THA,7.61
ZAF,7.94
ARG,7.91
MUS,8
MNG,8.08
GRD,8.05
ITA,8.26
EST,8.5
KNA,8.68
MNE,8.77
KOR,8.76
NLD,8.77
UKR,8.99
CHE,9.24
NZL,9.31
SRB,9.27
SWE,9.48
USA,9.47
BEL,9.61
DNK,9.71
BRA,9.84
BRB,9.85
SOM,0
SDN,0.003
YEM,0.0006
AFG,0.013
BGD,0.005
LBY,0.008
MRT,0.018
EGY,0.11
IDN,0.11
KWT,0.085
NER,0.11
PAK,0.1
IRN,0.11
SYR,0.2
COM,0.29
JOR,0.31
SLE,0.25
DJI,0.33
TON,0.32
TUV,0.32
SEN,0.43
DZA,0.54
GIN,0.45
TLS,0.48
MAR,0.54
BRN,0.71
IRQ,0.66
SSD,0.65
MYS,0.85
GMB,0.88
OMN,0.95
TJK,0.86
MDG,1.01
KIR,1.04
TGO,1.12
QAT,1.13
ERI,1.36
SGP,1.48
MWI,1.54
BHR,1.58
SLB,1.55
GTM,1.72
PNG,1.75
LBN,1.72
MDV,1.82
NPL,1.89
CAN,9.98
BRB,10.22
BLR,10.45
RUS,10.72
HRV,10.71
AUS,10.69
LCA,10.75
FIN,10.81
GBR,10.77
LAO,10.93
ATG,11.12
VNM,11.19
SVN,11.15
SVK,11.19
IRL,11.31
ESP,11.27
PRT,11.36
LTU,11.4
NAM,11.5
LUX,11.53
BGR,11.6
AND,11.75
HUN,11.67
AUT,11.83
DEU,11.76
MDA,11.88
POL,11.97
FRA,12.19
SYC,12.62
BFA,12.73
LVA,13.64
CZE,13.77
GEO,15.02
ROU,17.22
AZE,2.02
TUN,2.03
FSM,1.96
COD,2.12
MOZ,2.09
TUR,2.11
NGA,2.12
MMR,2.18
CAF,2.19
NIU,2.39
NRU,2.42
MLI,2.5
LKA,2.64
VUT,2.76
UZB,2.77
LBR,3.03
ARE,2.96
KEN,2.97
TKM,3.06
VEN,3.05
ISR,3.13
ETH,3.23
WSM,3.21
GNB,3.34
HND,3.26
ECU,3.28
SLV,3.42
PRK,3.44
CRI,3.49
HTI,3.63
ZMB,3.63
TCD,3.75
BOL,3.88
JAM,3.95
COL,4.12
CIV,4.27
FJI,4.26
NIC,4.29
CPV,4.34
BTN,4.44
BDI,4.38
LSO,4.44
GHA,4.55
DOM,4.71
KAZ,4.79
TTO,4.85
IND,4.88
ALB,5.01
KGZ,5.03
TZA,5.05
MKD,5.08
ARM,5.17
GUY,5.25
RWA,5.68
STP,5.71
CHN,5.84
MEX,5.96
CYP,6.13
ZWE,6.09
KHM,6.13
URY,6.14
AGO,6.15
CUB,6.23
PHL,6.17
PRY,6.32
SUR,6.39
GNQ,6.42
COG,6.42
BIH,6.49
BLZ,6.47
BWA,6.53
UGA,6.56
JPN,6.64
NOR,6.67
CHL,6.84
SWZ,7.09
GAB,7.11
CMR,7.2
PAN,7.15
BEN,7.28
GRC,7.29
DMA,7.43
ISL,7.49
VCT,7.52
BHS,7.55
PER,7.6
MLT,7.78
THA,7.84
MNG,8.04
ARG,8.04
EST,8.17
MUS,8.17
GRD,8.22
ITA,8.26
ZAF,8.45
UKR,8.74
NLD,8.94
KOR,8.97
MNE,9.23
NZL,9.33
CHE,9.29
USA,9.35
KNA,9.4
SWE,9.39
SRB,9.43
DNK,9.67
BRA,9.81
BEL,9.91
SOM,0
SDN,0.001
YEM,0.001
AFG,0.014
BGD,0.005
LBY,0.007
MRT,0.018
EGY,0.11
IDN,0.11
KWT,0.095
PAK,0.1
IRN,0.15
NER,0.15
SYR,0.23
SLE,0.25
COM,0.25
TON,0.32
JOR,0.34
DJI,0.36
SEN,0.42
GIN,0.45
DZA,0.53
MAR,0.48
IRQ,0.67
SSD,0.67
TLS,0.68
BRN,0.71
MYS,0.84
OMN,0.92
TJK,0.89
TUV,1.02
MDG,1.02
GMB,1.08
QAT,1.13
TGO,1.18
KIR,1.25
ERI,1.37
SGP,1.46
BHR,1.61
SLB,1.59
MDV,1.73
AZE,1.69
LBN,1.67
MWI,1.69
GTM,1.7
NPL,1.76
PNG,1.8
CAN,10
BEL,10.02
LCA,10.22
BLR,10.19
BRB,10.27
HRV,10.59
ATG,10.71
AUS,10.71
GBR,10.71
LAO,10.85
RUS,10.92
SVK,11.03
SVN,11
PRT,11.01
FIN,11.07
VNM,11.21
ESP,11.34
IRL,11.47
BGR,11.62
LUX,11.64
MDA,11.7
AND,11.83
LTU,11.83
POL,11.83
NAM,11.76
AUT,11.77
HUN,11.87
DEU,11.92
FRA,12.3
LVA,13.23
SYC,13.23
CZE,13.73
GEO,14.63
BFA,15.45
ROU,17.1
FSM,1.96
MOZ,2.03
MMR,1.97
TUN,2.03
NGA,2.1
TUR,2.13
COD,2.17
CAF,2.24
NIU,2.34
NRU,2.44
VUT,2.54
LKA,2.65
ARE,2.71
UZB,2.76
LBR,2.85
ETH,2.95
KEN,2.94
TKM,3.11
ISR,3.12
HND,3.15
GNB,3.22
WSM,3.24
SLV,3.27
ECU,3.33
MLI,3.43
PRK,3.37
CRI,3.6
ZMB,3.71
HTI,3.68
VEN,3.72
JAM,3.89
BOL,3.96
FJI,4.04
TCD,4.09
LSO,4.1
CIV,4.16
COL,4.15
BTN,4.44
BDI,4.44
NIC,4.36
GHA,4.49
CPV,4.46
DOM,4.63
KAZ,4.75
IND,4.84
TTO,4.88
ALB,5.02
ARM,5.02
TZA,5.21
KHM,5.27
MKD,5.27
GUY,5.4
RWA,5.46
KGZ,5.51
STP,5.69
MEX,5.77
PHL,6.02
CYP,6.12
ZWE,6.08
SUR,6.11
CUB,6.16
URY,6.19
PRY,6.24
BWA,6.26
COG,6.46
BIH,6.52
CMR,6.62
CHL,6.58
GNQ,6.63
UGA,6.69
BLZ,6.72
CHN,6.68
AGO,6.65
NOR,6.67
JPN,6.68
SWZ,7.03
PAN,7.06
DMA,7.34
GRC,7.37
BEN,7.55
ISL,7.5
VCT,7.55
GAB,7.54
BHS,7.57
PER,7.67
THA,7.94
MLT,7.96
ITA,8.01
MUS,8.21
GRD,8.16
ARG,8.34
ZAF,8.41
MNG,8.58
UKR,8.76
EST,8.98
NLD,8.97
KOR,9.1
MNE,9.15
CHE,9.34
KNA,9.34
USA,9.33
SWE,9.44
NZL,9.38
SRB,9.37
BRA,9.75
DNK,9.82
BGD,0.005
SOM,0
SDN,0.0009
YEM,0.003
AFG,0.016
LBY,0.008
MRT,0.016
EGY,0.12
IDN,0.11
KWT,0.1
PAK,0.098
IRN,0.13
NER,0.17
COM,0.23
SLE,0.27
SYR,0.28
TON,0.32
JOR,0.35
DJI,0.39
MAR,0.44
SEN,0.4
GIN,0.47
DZA,0.52
BRN,0.71
IRQ,0.68
MYS,0.82
SSD,0.75
TLS,0.83
OMN,0.9
TJK,0.91
MDG,1
QAT,1.16
GMB,1.26
TGO,1.28
SGP,1.45
ERI,1.41
SLB,1.46
AZE,1.57
KIR,1.59
LBN,1.6
MDV,1.72
GTM,1.69
TUV,1.73
MWI,1.73
BHR,1.77
NPL,1.76
MMR,1.81
PNG,1.88
FSM,1.95
MOZ,1.94
ATG,9.97
CAN,10.05
BLR,10.14
EST,10.18
BRB,10.18
BEL,10.39
HRV,10.62
GBR,10.59
AUS,10.65
LAO,10.93
PRT,11.04
VNM,11.08
SVK,11.09
RUS,11.21
FIN,11.22
MDA,11.42
BGR,11.4
IRL,11.38
ESP,11.36
SVN,11.53
LUX,11.68
AUT,11.7
HUN,11.76
POL,11.81
DEU,11.93
AND,11.9
NAM,12.39
FRA,12.41
LTU,12.48
LVA,12.91
SYC,13.71
CZE,13.66
GEO,14.65
BFA,15.63
ROU,16.89
TUN,2.06
NGA,2.09
TUR,2.09
ARE,2.14
COD,2.24
CAF,2.25
NIU,2.36
VUT,2.37
NRU,2.44
ETH,2.73
LKA,2.68
LBR,2.83
UZB,2.8
KEN,2.94
HND,3.02
WSM,3.13
SLV,3.13
ISR,3.08
GNB,3.16
TKM,3.22
LSO,3.41
PRK,3.41
MLI,3.53
HTI,3.55
ECU,3.57
CRI,3.57
ZMB,3.65
FJI,3.72
JAM,3.79
BOL,4.03
CIV,4.07
COL,4.13
NIC,4.34
TCD,4.39
CPV,4.36
BTN,4.45
BDI,4.39
KAZ,4.45
GHA,4.61
DOM,4.66
KHM,4.69
IND,4.85
VEN,4.95
ARM,5.01
ALB,5.04
TTO,5.02
RWA,5.39
MKD,5.53
GUY,5.58
MEX,5.61
TZA,5.72
SUR,5.69
STP,5.94
KGZ,5.86
PHL,5.87
BWA,5.95
CYP,5.98
COG,6.04
CUB,6.13
PRY,6.12
ZWE,6.2
BIH,6.34
URY,6.34
CMR,6.64
SWZ,6.64
NOR,6.67
JPN,6.71
PAN,7.03
AGO,7.01
BLZ,7
CHL,7.11
UGA,7.2
GNQ,7.23
CHN,7.35
GRC,7.44
BHS,7.48
DMA,7.48
VCT,7.45
ISL,7.6
PER,7.64
ITA,7.74
BEN,7.79
MLT,7.91
MUS,8.09
GRD,8.11
GAB,8.12
THA,8.28
ZAF,8.4
ARG,8.59
MNG,8.79
MNE,8.91
UKR,8.99
NLD,8.97
KNA,9.23
SRB,9.29
USA,9.29
NZL,9.31
KOR,9.31
SWE,9.45
BRA,9.38
CHE,9.53
LCA,9.91
DNK,9.86
SOM,0
AFG,0.019
BGD,0.005
LBY,0.016
MRT,0.014
YEM,0.003
EGY,0.13
IDN,0.11
IRN,0.067
PAK,0.094
KWT,0.11
SDN,0.12
COM,0.21
NER,0.18
SLE,0.31
TON,0.29
SYR,0.32
SEN,0.38
JOR,0.39
DJI,0.43
MAR,0.44
GIN,0.47
DZA,0.53
IRQ,0.66
BRN,0.71
MYS,0.75
SLB,0.82
TLS,0.8
SSD,0.81
OMN,0.86
TJK,0.9
MDG,1.01
QAT,1.16
TGO,1.35
ERI,1.44
SGP,1.47
AZE,1.54
GMB,1.46
LBN,1.54
KIR,1.6
NPL,1.58
MDV,1.74
PNG,1.68
GTM,1.72
MMR,1.66
MWI,1.84
MOZ,1.82
BHR,1.94
FSM,1.91
CAN,10.02
DNK,9.97
ESP,10.39
AUS,10.49
GBR,10.46
VNM,10.71
HRV,10.69
BLR,10.66
LAO,10.81
BEL,10.81
EST,11.03
PRT,10.97
BGR,11.14
SVK,11.28
MDA,11.36
IRL,11.38
FIN,11.47
AND,11.46
RUS,11.74
LUX,11.74
HUN,11.81
SVN,11.82
POL,11.8
AUT,11.93
DEU,12
LVA,12.53
NAM,12.48
FRA,12.5
SYC,13.1
LTU,13.56
CZE,13.68
GEO,14.93
BFA,16.25
ROU,16.85
ARE,1.97
TUN,2.04
TUR,2.12
VUT,2.09
CAF,2.2
NIU,2.45
NGA,2.35
TUV,2.44
COD,2.39
NRU,2.44
ETH,2.51
LKA,2.64
UZB,2.7
LBR,2.76
KEN,2.85
HND,2.94
GNB,3.03
ISR,3.03
SLV,2.99
WSM,3.07
FJI,3.18
LSO,3.23
TKM,3.26
HTI,3.39
PRK,3.45
CRI,3.55
MLI,3.62
ZMB,3.63
JAM,3.71
ECU,3.89
CIV,3.94
BOL,4.07
CPV,4.07
COL,4.12
KHM,4.17
NIC,4.24
BTN,4.45
BDI,4.35
KAZ,4.41
TCD,4.61
DOM,4.79
GHA,4.92
IND,4.95
ALB,4.96
ARM,5.07
RWA,5.24
TTO,5.17
MEX,5.37
SUR,5.58
COG,5.58
MKD,5.59
PHL,5.83
GUY,5.8
BWA,5.82
CYP,5.88
TZA,6.12
CUB,6.08
BIH,6.08
PRY,6.09
VEN,6.09
KGZ,6.3
ZWE,6.51
URY,6.51
STP,6.56
SWZ,6.63
NOR,6.69
JPN,6.68
CMR,6.85
PAN,6.93
VCT,7.17
BLZ,7.22
BHS,7.39
CHN,7.53
ISL,7.53
DMA,7.51
GRC,7.58
PER,7.6
UGA,7.68
MLT,7.66
ITA,7.74
AGO,7.76
MUS,7.95
CHL,7.86
GNQ,7.96
BEN,8.03
GRD,8.05
THA,8.16
ZAF,8.44
ARG,8.56
GAB,8.59
MNE,8.91
NLD,9.02
KNA,9.06
USA,9.26
SRB,9.34
ATG,9.35
BRA,9.37
NZL,9.37
KOR,9.42
SWE,9.54
LCA,9.62
CHE,9.65
UKR,9.84
MNG,9.84
BRB,9.88
BGD,0.005
SOM,0
LBY,0.016
MRT,0.015
YEM,0.004
AFG,0.022
IDN,0.11
IRN,0.064
PAK,0.086
EGY,0.14
KWT,0.12
SDN,0.12
NER,0.17
COM,0.22
TON,0.23
SYR,0.3
SEN,0.35
GIN,0.43
JOR,0.42
SLE,0.38
DJI,0.49
MAR,0.47
DZA,0.53
IRQ,0.65
MYS,0.7
BRN,0.71
SLB,0.71
TLS,0.78
OMN,0.83
SSD,0.87
TJK,0.86
MDG,0.97
QAT,1.17
KIR,1.34
TGO,1.42
SGP,1.48
ERI,1.47
NPL,1.53
LBN,1.52
AZE,1.58
MMR,1.56
GMB,1.62
PNG,1.63
MDV,1.65
MOZ,1.67
GTM,1.79
FSM,1.91
TUN,1.95
VUT,1.89
CAN,9.98
DNK,9.97
VNM,10.4
GBR,10.39
AUS,10.44
LAO,10.49
UKR,10.81
HRV,10.89
PRT,10.97
AND,11.07
BGR,11.07
BEL,11.11
IRL,11.25
MNG,11.16
SVK,11.29
EST,11.46
BLR,11.58
SVN,11.56
HUN,11.65
LUX,11.74
MDA,11.71
SYC,11.7
FIN,11.76
NAM,11.88
POL,11.94
DEU,12.03
AUT,12.08
RUS,12.34
LVA,12.4
FRA,12.47
CZE,13.56
LTU,14.41
GEO,15.01
BFA,16.29
ROU,16.95
MWI,1.97
BHR,2.08
CAF,2.14
TUR,2.16
ETH,2.28
NGA,2.34
NRU,2.44
TUV,2.44
NIU,2.54
COD,2.49
UZB,2.55
LKA,2.65
LBR,2.74
ARE,2.73
KEN,2.87
SLV,2.89
GNB,3.03
HND,3
FJI,3.06
ISR,3.11
WSM,3.21
LSO,3.22
TKM,3.29
HTI,3.35
CRI,3.44
MLI,3.5
PRK,3.46
CPV,3.57
ZMB,3.59
CIV,3.75
JAM,3.68
KHM,3.7
ECU,4.1
COL,4.09
BOL,4.11
NIC,4.16
BTN,4.45
KAZ,4.44
BDI,4.45
TCD,4.57
DOM,4.89
ALB,4.93
GHA,5.01
IND,5
MKD,5
RWA,5.1
ARM,5.05
COG,5.13
MEX,5.2
TTO,5.26
BWA,5.35
SUR,5.63
CYP,5.83
PHL,5.83
BIH,5.9
GUY,5.93
CUB,6.01
TZA,6.16
PRY,6.23
KGZ,6.51
URY,6.64
NOR,6.74
JPN,6.72
ZWE,6.82
PAN,6.94
VCT,6.88
SWZ,6.98
CMR,7.12
VEN,7.06
STP,7.11
BHS,7.33
BLZ,7.26
ISL,7.46
MLT,7.48
CHN,7.46
PER,7.71
DMA,7.69
MUS,7.8
ITA,7.84
GRC,7.91
GRD,7.95
UGA,8.02
THA,8.1
CHL,8.15
AGO,8.32
GNQ,8.37
ZAF,8.45
BEN,8.6
ARG,8.61
GAB,8.71
KNA,8.92
ATG,9.06
NLD,9.14
USA,9.24
BRA,9.22
LCA,9.33
MNE,9.43
BRB,9.49
NZL,9.48
KOR,9.45
SWE,9.56
SRB,9.7
ESP,9.66
CHE,9.83
BGD,0.004
SOM,0
YEM,0.003
LBY,0.016
MRT,0.017
AFG,0.026
IDN,0.11
KWT,0.12
PAK,0.081
EGY,0.15
IRN,0.12
SDN,0.12
NER,0.17
TON,0.17
COM,0.22
SYR,0.27
GIN,0.37
SEN,0.36
SLE,0.4
JOR,0.47
DZA,0.53
MAR,0.5
DJI,0.54
IRQ,0.66
MYS,0.67
SLB,0.69
BRN,0.78
TJK,0.8
TLS,0.76
OMN,0.82
SSD,0.84
MDG,0.93
KIR,1.02
QAT,1.16
TGO,1.35
SGP,1.53
NPL,1.5
ERI,1.48
MMR,1.49
PNG,1.55
MDV,1.64
AZE,1.58
MOZ,1.57
LBN,1.58
TUN,1.86
GTM,1.87
VUT,1.94
CAN,10.01
MNE,10.05
SRB,10.11
VNM,10.15
LAO,10.28
AUS,10.43
GBR,10.4
AND,10.84
PRT,10.83
MNG,10.89
BEL,11.03
SYC,11.06
NAM,11.15
HRV,11.06
BGR,11.19
SVK,11.27
SVN,11.43
EST,11.51
UKR,11.63
IRL,11.57
HUN,11.73
LUX,11.85
POL,11.86
FIN,11.97
MDA,12.04
DEU,12.11
LVA,12.35
AUT,12.43
FRA,12.6
BLR,12.75
RUS,13.08
CZE,13.59
GEO,15.05
LTU,15.13
BFA,16.14
ROU,17.04
MWI,2.03
GMB,1.97
ETH,2.08
BHR,2.21
CAF,2.18
NGA,2.29
TUR,2.26
UZB,2.33
FSM,2.4
TUV,2.4
COD,2.52
LBR,2.68
LKA,2.71
FJI,2.8
NRU,2.79
KEN,2.84
SLV,2.84
GNB,3.03
LSO,3.04
HND,3.07
HTI,3.22
TKM,3.25
ISR,3.19
ARE,3.24
CPV,3.32
WSM,3.39
KHM,3.36
CRI,3.44
CIV,3.5
MLI,3.48
PRK,3.5
ZMB,3.49
JAM,3.6
NIU,3.77
BDI,4.15
COL,4.14
NIC,4.13
BOL,4.16
ECU,4.17
TCD,4.42
BTN,4.45
KAZ,4.56
MKD,4.77
ALB,4.94
GHA,4.97
RWA,4.97
IND,5.02
ARM,5
BWA,4.95
COG,5.06
DOM,5.06
MEX,5.08
TTO,5.28
CUB,5.88
BIH,5.91
SUR,5.94
CYP,5.97
GUY,6
TZA,6.07
PHL,6.05
PRY,6.45
URY,6.59
KGZ,6.7
VCT,6.67
JPN,6.74
NOR,6.82
SWZ,6.91
PAN,6.89
ZWE,7.06
CMR,7.24
ISL,7.29
BHS,7.28
CHN,7.33
STP,7.34
VEN,7.29
BLZ,7.26
MLT,7.39
DMA,7.62
MUS,7.76
PER,7.94
ITA,7.94
GRD,7.87
UGA,8.07
GRC,8.21
THA,8.17
CHL,8.31
ZAF,8.44
GAB,8.45
ARG,8.45
AGO,8.75
GNQ,8.78
KNA,8.95
BEN,9.01
ATG,8.96
ESP,9.09
BRB,9.25
LCA,9.3
USA,9.26
NLD,9.41
KOR,9.42
SWE,9.54
BRA,9.55
NZL,9.69
CHE,9.95
DNK,9.93
BGD,0.004
SOM,0
SDN,0.0002
YEM,0.003
LBY,0.008
MRT,0.017
AFG,0.028
IDN,0.11
PAK,0.079
EGY,0.15
KWT,0.12
IRN,0.22
NER,0.17
COM,0.22
TON,0.32
GIN,0.34
SEN,0.39
SLE,0.41
SYR,0.44
DZA,0.5
JOR,0.49
MAR,0.53
DJI,0.56
IRQ,0.7
SLB,0.69
TJK,0.74
MYS,0.67
TLS,0.72
SSD,0.78
BRN,0.84
MDG,0.88
OMN,0.87
KIR,1
QAT,1.19
TGO,1.36
MMR,1.4
PNG,1.39
MOZ,1.49
ERI,1.49
SGP,1.57
MDV,1.72
AZE,1.66
LBN,1.7
NPL,1.67
TUV,1.68
TUN,1.81
ETH,1.93
VUT,1.9
VNM,9.99
CAN,10.11
CHE,10.12
BRA,10.13
LAO,10.18
DNK,10.22
MNE,10.39
SYC,10.43
NAM,10.51
SRB,10.46
GBR,10.53
AUS,10.57
BEL,10.9
AND,11.05
PRT,11.05
EST,11.32
SVK,11.28
SVN,11.35
BGR,11.39
HRV,11.38
POL,11.82
IRL,11.86
HUN,11.88
LUX,11.92
MDA,12.05
UKR,11.99
DEU,12.1
FIN,12.25
LVA,12.31
AUT,12.39
FRA,12.73
CZE,13.53
RUS,13.67
BLR,13.78
GEO,15.26
LTU,15.28
BFA,16.72
ROU,17.09
MWI,2.04
GTM,1.99
NGA,2
UZB,2.07
GMB,2.2
CAF,2.26
BHR,2.28
TUR,2.31
COD,2.42
FSM,2.54
LBR,2.76
SLV,2.79
KEN,2.79
FJI,2.83
LKA,2.78
GNB,3.04
HTI,3.1
KHM,3.09
LSO,3.1
HND,3.18
TKM,3.17
ARE,3.22
ISR,3.27
CIV,3.32
ZMB,3.33
CPV,3.43
NRU,3.4
MLI,3.48
WSM,3.53
PRK,3.51
CRI,3.48
JAM,3.54
NIU,3.71
NIC,4.07
TCD,4.24
COL,4.19
BOL,4.21
ECU,4.24
BTN,4.45
KAZ,4.48
BDI,4.74
MKD,4.79
RWA,4.94
GHA,4.95
ARM,4.91
IND,5
COG,4.99
BWA,5.03
MEX,5.14
DOM,5.26
ALB,5.32
TTO,5.28
CUB,5.79
GUY,5.91
TZA,6.02
BIH,5.95
SUR,6
CYP,6.17
PHL,6.16
URY,6.56
SWZ,6.63
KGZ,6.6
VCT,6.62
PRY,6.69
PAN,6.81
JPN,6.77
NOR,6.95
CMR,6.99
ZWE,7.02
BHS,7.12
CHN,7.08
MLT,7.3
ISL,7.32
STP,7.32
BLZ,7.27
VEN,7.38
DMA,7.54
ITA,7.74
MUS,7.83
GRD,7.81
CHL,8.01
PER,8.11
THA,8.09
GAB,8.33
UGA,8.36
GRC,8.38
ARG,8.38
ZAF,8.42
AGO,8.65
ATG,8.75
KNA,8.88
GNQ,8.96
BRB,9.07
USA,9.22
BEN,9.28
ESP,9.39
KOR,9.39
LCA,9.48
SWE,9.52
NLD,9.63
MNG,9.82
NZL,9.85
BGD,0.004
SOM,0
SDN,0.0002
YEM,0.002
LBY,0.007
MRT,0.014
AFG,0.028
IDN,0.11
PAK,0.081
EGY,0.15
KWT,0.13
IRN,0.23
NER,0.17
COM,0.21
GIN,0.31
SLE,0.35
SEN,0.41
DZA,0.47
JOR,0.51
MAR,0.54
TON,0.54
DJI,0.56
TLS,0.62
TJK,0.72
BRN,0.68
IRQ,0.71
MYS,0.65
SYR,0.72
SLB,0.72
SSD,0.76
MDG,0.93
OMN,0.92
KIR,1.02
TUV,1.08
QAT,1.2
MMR,1.27
PNG,1.28
TGO,1.37
MOZ,1.42
ERI,1.46
SGP,1.63
NPL,1.67
MDV,1.82
AZE,1.81
ETH,1.78
VUT,1.84
LBN,1.83
TUN,1.82
NZL,10
LAO,10.15
CAN,10.18
CHE,10.22
NAM,10.3
MNE,10.38
BRA,10.42
DNK,10.48
SRB,10.53
GBR,10.74
EST,10.78
AUS,10.76
BEL,10.88
AND,11.22
MDA,11.3
BGR,11.3
HRV,11.34
SVK,11.36
POL,11.61
SVN,11.62
PRT,11.62
UKR,11.72
HUN,11.87
LUX,12.05
DEU,12.11
IRL,12.24
LVA,12.27
FIN,12.37
AUT,12.5
FRA,12.95
CZE,13.58
RUS,14.02
BLR,14.38
LTU,14.45
GEO,15.29
ROU,17.22
BFA,17.24
MWI,2.03
UZB,2
GTM,2.06
COD,2.29
CAF,2.36
TUR,2.37
BHR,2.41
GMB,2.42
NGA,2.41
FSM,2.6
LKA,2.68
KEN,2.72
LBR,2.83
FJI,2.79
SLV,2.77
KHM,2.85
HTI,2.89
GNB,3
ARE,2.98
TKM,3.07
CIV,3.22
LSO,3.21
HND,3.19
ISR,3.25
ZMB,3.3
JAM,3.48
PRK,3.51
NIU,3.63
CRI,3.59
CPV,3.64
MLI,3.69
WSM,3.66
TCD,4.04
NIC,4
NRU,4.06
COL,4.15
ECU,4.25
BOL,4.28
BTN,4.45
KAZ,4.55
RWA,4.81
MKD,4.8
IND,4.86
COG,4.89
ARM,4.99
GHA,5.2
BWA,5.2
BDI,5.32
MEX,5.26
TTO,5.32
DOM,5.5
ALB,5.6
CUB,5.75
GUY,5.83
SUR,5.8
BIH,5.91
SWZ,5.92
TZA,6.22
PHL,6.33
CYP,6.42
URY,6.58
CHN,6.64
KGZ,6.61
VCT,6.58
ZWE,6.71
JPN,6.74
CMR,6.75
PAN,6.77
PRY,6.81
BHS,6.96
MLT,7.02
STP,7.11
NOR,7.08
ISL,7.38
BLZ,7.38
DMA,7.49
ITA,7.6
VEN,7.56
MUS,7.84
GRD,7.78
THA,7.89
PER,8.05
CHL,8.13
MNG,8.22
ZAF,8.34
GAB,8.36
ARG,8.36
GRC,8.46
ATG,8.6
UGA,8.72
AGO,8.66
KNA,8.78
BRB,8.91
BEN,9.03
GNQ,8.96
USA,9.14
KOR,9.45
ESP,9.52
VNM,9.65
SWE,9.64
SYC,9.73
NLD,9.8
LCA,9.85
BGD,0.004
SOM,0
SDN,0.0002
YEM,0.001
LBY,0.003
MRT,0.008
AFG,0.025
EGY,0.14
IDN,0.1
PAK,0.083
KWT,0.14
IRN,0.24
NER,0.17
COM,0.22
GIN,0.29
SLE,0.36
SEN,0.42
BRN,0.45
DZA,0.46
TLS,0.52
JOR,0.54
DJI,0.55
MAR,0.57
MYS,0.63
TJK,0.71
IRQ,0.68
TUV,0.66
TON,0.75
SSD,0.76
SLB,0.82
KIR,0.94
MDG,0.92
OMN,0.97
SYR,0.98
MMR,1.14
QAT,1.19
PNG,1.2
MOZ,1.34
ERI,1.42
TGO,1.43
SGP,1.64
ETH,1.67
VUT,1.72
NPL,1.72
AZE,1.83
TUN,1.85
MDV,1.92
LBN,1.86
UZB,1.93
NZL,10
ESP,9.96
LAO,10.1
CAN,10.23
LCA,10.23
CHE,10.33
EST,10.42
MNE,10.42
BRA,10.4
MDA,10.46
SRB,10.54
DNK,10.75
BEL,10.89
GBR,10.89
AUS,11
BGR,11.16
HRV,11.44
SVN,11.51
SVK,11.53
AND,11.5
POL,11.63
UKR,11.85
HUN,12
LUX,12.09
DEU,12.09
IRL,12.13
PRT,12.18
LVA,12.27
AUT,12.44
FIN,12.59
FRA,13.07
CZE,13.76
LTU,13.84
RUS,14.16
BLR,14.56
GEO,14.83
ROU,17.57
BFA,17.82
MWI,2.02
GTM,2.1
COD,2.16
FSM,2.28
BHR,2.43
TUR,2.35
CAF,2.38
LKA,2.4
KHM,2.45
GMB,2.46
KEN,2.67
NIU,2.83
NGA,2.81
SLV,2.8
LBR,2.93
ARE,2.97
GNB,2.99
TKM,2.97
FJI,3
CIV,3.11
ISR,3.2
HND,3.21
HTI,3.29
ZMB,3.27
LSO,3.27
JAM,3.38
PRK,3.5
NRU,3.54
MLI,3.7
CRI,3.77
WSM,3.79
CPV,3.85
TCD,3.86
NIC,3.91
COL,4.11
ECU,4.19
BOL,4.42
KAZ,4.36
BTN,4.46
IND,4.59
RWA,4.67
COG,4.66
MKD,4.79
ARM,4.99
GHA,5.23
TTO,5.32
BWA,5.39
DOM,5.52
MEX,5.46
SUR,5.54
CUB,5.69
GUY,5.75
BIH,5.82
SWZ,5.82
ALB,6.04
CHN,6.03
PHL,6.12
BDI,6.25
TZA,6.34
KGZ,6.43
ZWE,6.47
CYP,6.5
VCT,6.5
CMR,6.63
PAN,6.71
JPN,6.74
URY,6.75
BHS,6.8
MLT,6.85
PRY,6.8
STP,7.09
ITA,7.24
NOR,7.25
BLZ,7.44
DMA,7.48
ISL,7.55
THA,7.58
PER,7.75
VEN,7.85
GRD,7.81
MUS,7.91
CHL,7.91
MNG,7.89
GNQ,8.22
ZAF,8.24
GAB,8.32
AGO,8.44
KNA,8.54
ARG,8.51
ATG,8.57
SYC,8.63
GRC,8.75
BRB,8.76
BEN,8.85
UGA,8.98
VNM,9.1
USA,9.1
KOR,9.45
SWE,9.78
NLD,9.83
NAM,9.9
BGD,0.004
LBY,0.003
SOM,0
SDN,0.0002
YEM,0
AFG,0.021
MRT,0.004
EGY,0.14
IDN,0.1
PAK,0.082
IRN,0.2
KWT,0.15
NER,0.17
COM,0.22
GIN,0.28
BRN,0.36
SLE,0.39
SEN,0.44
TLS,0.44
DZA,0.46
DJI,0.55
MAR,0.59
JOR,0.56
IRQ,0.63
MYS,0.61
TJK,0.68
SSD,0.76
TON,0.78
KIR,0.86
MDG,0.87
SLB,0.92
TUV,0.97
OMN,1
MMR,1.03
SYR,1.05
QAT,1.18
PNG,1.18
MOZ,1.29
ERI,1.31
VUT,1.54
TGO,1.46
SGP,1.64
ETH,1.63
NPL,1.74
AZE,1.83
LBN,1.8
UZB,1.89
TUN,1.88
LAO,9.97
NLD,10
BRA,10.03
NZL,10
MDA,10.21
CAN,10.26
ESP,10.42
CHE,10.47
EST,10.59
SRB,10.71
LCA,10.77
DNK,10.83
MNE,10.9
BEL,11.02
BGR,11.17
GBR,11.16
AUS,11.25
SVN,11.64
HRV,11.58
AND,11.76
POL,11.81
SVK,11.88
UKR,12.05
LUX,12.13
HUN,12.13
DEU,12.16
IRL,12.31
PRT,12.39
AUT,12.47
LVA,12.65
FIN,12.82
FRA,13.11
LTU,13.52
CZE,14.09
GEO,14.41
RUS,14.48
BLR,14.57
BFA,17.53
ROU,18.21
MDV,1.96
MWI,2.01
KHM,2.04
COD,2.05
GTM,2.11
LKA,2.22
FSM,2.32
TUR,2.33
CAF,2.42
GMB,2.53
BHR,2.55
KEN,2.7
LBR,2.95
SLV,2.9
GNB,2.93
NRU,2.93
TKM,2.94
CIV,3.03
ARE,2.97
FJI,3.16
NGA,3.2
ISR,3.15
NIU,3.32
LSO,3.26
ZMB,3.28
HND,3.25
JAM,3.34
PRK,3.5
TCD,3.69
MLI,3.73
HTI,3.7
CPV,3.93
CRI,3.97
NIC,4
IND,4.08
ECU,4.06
COL,4.11
WSM,4.18
COG,4.36
KAZ,4.39
RWA,4.5
BTN,4.46
BOL,4.48
ARM,4.95
MKD,4.91
GHA,5.13
BWA,5.1
SUR,5.27
CHN,5.37
TTO,5.38
MEX,5.56
DOM,5.61
SWZ,5.63
CUB,5.74
GUY,5.65
BIH,5.85
PHL,5.91
ALB,6.14
BDI,6.35
TZA,6.43
VCT,6.44
KGZ,6.48
CMR,6.55
CYP,6.65
PAN,6.64
ZWE,6.57
MLT,6.75
JPN,6.74
PRY,6.81
BHS,6.85
URY,6.9
STP,7.1
ITA,7.19
NOR,7.36
THA,7.42
PER,7.53
DMA,7.46
ISL,7.69
BLZ,7.69
GNQ,7.76
MUS,7.78
CHL,8.01
GRD,8.03
AGO,8.12
GAB,8.23
ZAF,8.25
KNA,8.31
VEN,8.33
VNM,8.44
SYC,8.35
MNG,8.63
BEN,8.74
BRB,8.79
ATG,8.76
ARG,8.79
UGA,9.05
GRC,9.06
USA,9.13
NAM,9.41
KOR,9.6
SWE,9.78
BGD,0.004
LBY,0.003
SOM,0
SDN,0.0002
YEM,0
AFG,0.021
MRT,0.004
EGY,0.14
IDN,0.094
PAK,0.081
IRN,0.2
KWT,0.16
COM,0.22
NER,0.17
GIN,0.28
TLS,0.44
SLE,0.44
DZA,0.45
SEN,0.47
DJI,0.54
BRN,0.55
JOR,0.57
IRQ,0.58
MYS,0.59
MAR,0.58
TJK,0.69
SSD,0.76
MDG,0.8
KIR,0.87
MMR,0.94
TON,0.99
SLB,1
TUV,0.99
OMN,1.01
SYR,1.03
PNG,1.15
QAT,1.16
MOZ,1.25
TGO,1.43
VUT,1.55
ETH,1.63
SGP,1.61
AZE,1.69
LBN,1.68
NPL,1.73
KHM,1.7
MDV,1.94
ERI,1.85
TUN,1.91
COD,1.95
UZB,1.93
NLD,10.13
CAN,10.31
MDA,10.45
CHE,10.58
SRB,10.91
DNK,11.04
EST,11.1
ESP,11.09
BEL,11.18
BGR,11.23
MNE,11.26
LCA,11.35
AUS,11.35
GBR,11.48
SVN,11.85
POL,11.9
HRV,11.92
SVK,12.03
UKR,12.14
DEU,12.22
AND,12.19
LUX,12.23
PRT,12.48
AUT,12.58
HUN,12.71
IRL,12.78
LVA,13.12
FIN,13.19
FRA,13.29
GEO,13.99
LTU,14.2
CZE,14.44
BLR,14.42
RUS,14.83
BFA,17.52
ROU,18.53
MWI,2
TUR,2.24
GTM,2.19
NRU,2.16
LKA,2.21
FSM,2.3
BHR,2.44
CAF,2.42
GMB,2.55
KEN,2.67
LBR,2.95
GNB,2.92
ARE,2.93
TKM,2.94
CIV,2.99
SLV,3.07
ISR,3.06
LSO,3.18
NGA,3.2
ZMB,3.23
HND,3.34
JAM,3.31
FJI,3.39
IND,3.49
PRK,3.5
TCD,3.56
NIU,3.61
MLI,3.73
COG,4.04
ECU,3.97
CPV,4.05
CRI,4.12
HTI,4.15
NIC,4.16
COL,4.24
WSM,4.28
RWA,4.38
KAZ,4.41
BOL,4.41
BTN,4.46
CHN,4.79
GHA,4.93
ARM,4.87
MKD,5.02
SUR,5.07
BWA,5.21
TTO,5.44
SWZ,5.57
MEX,5.62
GUY,5.57
PHL,5.68
DOM,5.67
CUB,5.76
BIH,5.92
VCT,6.06
ALB,6.24
BDI,6.34
CMR,6.41
TZA,6.43
PAN,6.41
KGZ,6.53
ZWE,6.61
CYP,6.67
PRY,6.67
MLT,6.83
JPN,6.82
BHS,6.93
STP,7.11
URY,7.06
PER,7.29
ITA,7.27
DMA,7.4
NOR,7.38
GNQ,7.6
VNM,7.71
AGO,7.71
MUS,7.79
BLZ,7.91
ISL,7.92
CHL,7.96
THA,8.01
GAB,8.1
KNA,8.18
GRD,8.26
ZAF,8.39
BEN,8.7
BRB,8.74
NAM,8.76
VEN,8.8
ARG,8.8
ATG,8.9
UGA,8.98
SYC,9.09
MNG,9.06
GRC,9.25
USA,9.2
SWE,9.66
LAO,9.75
KOR,9.65
BRA,9.83
NZL,9.84
BGD,0.004
LBY,0.003
SOM,0
SDN,0.0002
YEM,0
AFG,0.02
MRT,0.004
EGY,0.13
IDN,0.089
PAK,0.079
IRN,0.2
KWT,0.17
NER,0.17
COM,0.22
GIN,0.27
DZA,0.44
SEN,0.42
SLE,0.44
TLS,0.44
IRQ,0.53
DJI,0.55
JOR,0.56
MYS,0.57
MAR,0.55
BRN,0.68
TJK,0.7
MDG,0.77
SSD,0.76
MMR,0.86
KIR,0.9
OMN,1.04
SLB,1
SYR,1.03
PNG,1.08
MOZ,1.21
QAT,1.17
TON,1.17
TUV,1.17
TGO,1.41
SGP,1.57
LBN,1.58
VUT,1.56
ETH,1.64
KHM,1.6
AZE,1.67
NPL,1.72
MDV,1.89
COD,1.87
TUN,1.9
UZB,1.92
SYC,9.97
CAN,10.27
NLD,10.28
BRA,10.31
CHE,10.62
MDA,11.05
SRB,11.1
BGR,11.22
DNK,11.32
AUS,11.39
MNE,11.51
BEL,11.45
EST,11.66
UKR,11.66
ESP,11.68
GBR,11.76
POL,11.76
LCA,11.89
SVK,11.92
HRV,12.04
LUX,12.38
SVN,12.36
DEU,12.4
AND,12.57
PRT,12.59
AUT,12.8
LVA,13.25
HUN,13.27
FIN,13.38
IRL,13.46
FRA,13.46
GEO,13.89
BLR,13.99
CZE,14.49
LTU,14.47
RUS,15.03
BFA,17.52
ROU,18.4
MWI,2
ERI,2.05
TUR,2.17
LKA,2.18
NRU,2.24
FSM,2.2
GTM,2.26
BHR,2.36
CAF,2.4
GMB,2.56
KEN,2.59
IND,2.91
LBR,2.94
GNB,2.91
ARE,2.89
ISR,2.94
CIV,2.98
LSO,3.13
TKM,3.06
SLV,3.14
ZMB,3.16
NGA,3.21
TCD,3.4
FJI,3.39
JAM,3.37
HND,3.44
PRK,3.5
NIU,3.57
MLI,3.73
COG,3.73
ECU,3.87
CRI,4.11
CPV,4.17
HTI,4.16
BOL,4.16
RWA,4.31
COL,4.32
NIC,4.28
CHN,4.3
WSM,4.4
BTN,4.46
KAZ,4.62
ARM,4.87
SUR,4.95
GHA,4.97
MKD,5.15
BWA,5.36
MEX,5.5
GUY,5.48
TTO,5.5
PHL,5.56
SWZ,5.59
VCT,5.8
DOM,5.81
CUB,5.83
BIH,5.89
PAN,6.06
ALB,6.09
CMR,6.19
TZA,6.4
BDI,6.37
ZWE,6.6
CYP,6.64
MLT,6.61
PRY,6.63
KGZ,6.78
BHS,6.93
PER,7.04
JPN,7.04
VNM,7.06
STP,7.13
URY,7.07
DMA,7.33
NOR,7.31
AGO,7.45
ITA,7.55
MUS,7.8
CHL,7.85
BLZ,7.86
ISL,7.92
GNQ,8.01
GAB,8.13
KNA,8.2
NAM,8.28
MNG,8.37
GRD,8.52
ZAF,8.48
BEN,8.65
ARG,8.62
BRB,8.7
THA,8.71
UGA,8.88
ATG,8.92
VEN,9
GRC,9.2
USA,9.19
LAO,9.51
SWE,9.51
KOR,9.61
NZL,9.86
BGD,0.004
LBY,0.003
SOM,0
SDN,0.0002
YEM,0
AFG,0.018
MRT,0.004
EGY,0.13
IDN,0.084
PAK,0.077
NER,0.17
IRN,0.2
KWT,0.17
COM,0.22
GIN,0.26
SEN,0.35
SLE,0.44
TLS,0.45
DZA,0.48
BRN,0.52
IRQ,0.49
MAR,0.53
JOR,0.55
MYS,0.57
DJI,0.56
TJK,0.74
MDG,0.76
MMR,0.8
SSD,0.76
KIR,0.92
SLB,1
OMN,1.08
SYR,1.07
TUV,1.08
PNG,1.1
QAT,1.19
MOZ,1.17
TON,1.3
TGO,1.37
SGP,1.53
KHM,1.51
LBN,1.53
ETH,1.59
AZE,1.61
VUT,1.57
NPL,1.71
COD,1.75
TUN,1.88
UZB,1.91
BRA,9.96
CAN,10.18
NLD,10.29
CHE,10.57
SYC,10.62
UKR,10.87
BGR,10.94
SRB,10.98
POL,11.24
AUS,11.27
MNE,11.43
DNK,11.51
EST,11.58
BEL,11.62
MDA,11.82
SVK,11.75
HRV,11.96
GBR,11.97
LCA,12.06
ESP,12.22
SVN,12.45
LUX,12.49
DEU,12.51
PRT,12.73
LVA,12.95
AUT,12.85
AND,12.91
BLR,12.93
FIN,13.3
FRA,13.59
GEO,13.65
HUN,13.66
IRL,13.82
LTU,14.14
CZE,14.5
RUS,14.96
BFA,17.51
ROU,17.98
MDV,2.04
MWI,2
ERI,2.09
TUR,2.1
NRU,2.07
LKA,2.14
BHR,2.24
FSM,2.18
GTM,2.3
CAF,2.36
KEN,2.51
IND,2.56
GMB,2.58
LBR,2.93
ARE,2.86
ISR,2.88
CIV,2.98
GNB,2.96
LSO,3.08
ZMB,3.08
TKM,3.16
SLV,3.16
NGA,3.2
TCD,3.28
FJI,3.4
COG,3.35
JAM,3.43
NIU,3.52
HND,3.51
PRK,3.5
MLI,3.72
ECU,3.81
BOL,3.87
CHN,3.88
CRI,4.05
WSM,4.22
CPV,4.19
HTI,4.17
RWA,4.28
COL,4.32
NIC,4.3
BTN,4.46
KAZ,4.67
SUR,4.84
GHA,4.94
ARM,4.88
MKD,5.09
MEX,5.37
TTO,5.44
GUY,5.49
BWA,5.53
PHL,5.54
VCT,5.56
SWZ,5.65
PAN,5.71
BIH,5.69
DOM,5.78
ALB,5.9
CUB,5.9
CMR,6.12
MLT,6.2
BDI,6.28
TZA,6.34
VNM,6.42
ZWE,6.42
PRY,6.39
CYP,6.57
PER,6.72
BHS,6.77
KGZ,6.84
URY,6.96
MNG,7.09
STP,7.14
NOR,7.21
AGO,7.22
DMA,7.3
JPN,7.3
BLZ,7.55
ITA,7.75
ISL,7.88
CHL,7.94
MUS,7.98
GAB,8.03
NAM,8.03
KNA,8.21
GNQ,8.29
ARG,8.35
ZAF,8.47
BRB,8.45
BEN,8.6
GRD,8.56
UGA,8.76
ATG,8.77
VEN,8.89
USA,9.14
GRC,9.1
LAO,9.3
SWE,9.4
THA,9.42
KOR,9.53
NZL,9.81
BGD,0.004
LBY,0.003
SOM,0
SDN,0.0002
YEM,0
AFG,0.014
MRT,0.004
PAK,0.066
EGY,0.12
IDN,0.081
IRN,0.2
NER,0.16
COM,0.22
KWT,0.17
BRN,0.28
GIN,0.27
SEN,0.28
IRQ,0.43
SLE,0.44
TLS,0.45
DZA,0.5
JOR,0.55
MAR,0.53
DJI,0.57
MYS,0.6
MDG,0.75
TJK,0.75
MMR,0.76
SSD,0.76
KIR,0.94
SLB,1
PNG,1.05
MOZ,1.14
OMN,1.12
SYR,1.13
QAT,1.18
TON,1.17
ERI,1.33
TGO,1.34
KHM,1.36
AZE,1.55
ETH,1.53
SGP,1.5
VUT,1.58
LBN,1.55
COD,1.66
NPL,1.71
TUV,1.71
TUN,1.83
UZB,1.81
LKA,1.88
CAN,10.01
UKR,10.24
NLD,10.36
CHE,10.66
BGR,10.78
SYC,10.85
POL,10.89
SRB,10.88
EST,11.19
AUS,11.21
MNE,11.43
SVK,11.59
BEL,11.74
DNK,11.69
HRV,11.82
LCA,11.95
SVN,12.14
GBR,12.13
MDA,12.32
ESP,12.32
LVA,12.38
BLR,12.49
LUX,12.61
AUT,12.73
DEU,12.66
PRT,12.92
AND,13.01
FIN,13.07
GEO,13.43
LTU,13.55
FRA,13.68
HUN,13.92
IRL,13.91
CZE,14.38
RUS,14.8
BFA,17.5
ROU,18.22
MDV,2.03
MWI,2
TUR,2.15
NRU,2.24
BHR,2.26
IND,2.35
CAF,2.35
GTM,2.3
FSM,2.34
KEN,2.4
GMB,2.58
ISR,2.8
LBR,2.9
ARE,2.86
CIV,2.96
COG,3.03
GNB,2.98
ZMB,3.03
LSO,3.08
TCD,3.21
NGA,3.18
TKM,3.21
SLV,3.17
NIU,3.3
FJI,3.41
CHN,3.51
HND,3.48
JAM,3.48
PRK,3.5
BOL,3.62
MLI,3.72
ECU,3.85
CRI,3.98
RWA,4.11
HTI,4.22
CPV,4.22
WSM,4.25
COL,4.27
NIC,4.29
KAZ,4.44
BTN,4.47
MNG,4.49
ARM,4.73
SUR,4.82
GHA,4.9
MKD,5.05
MEX,5.23
TTO,5.31
BIH,5.41
BWA,5.49
VCT,5.48
DOM,5.59
PHL,5.59
PAN,5.57
GUY,5.64
MLT,5.68
ALB,5.66
SWZ,5.67
VNM,5.93
CUB,5.97
PRY,6.15
CMR,6.23
BDI,6.19
TZA,6.27
PER,6.45
ZWE,6.51
BHS,6.69
URY,6.75
CYP,6.79
KGZ,6.82
AGO,6.78
NOR,7.11
BLZ,7.19
STP,7.16
DMA,7.2
JPN,7.4
ISL,7.63
CHL,7.59
GAB,7.83
NAM,7.89
KNA,8.04
MUS,8.09
ARG,8.18
GNQ,8.27
BRB,8.29
ZAF,8.4
ITA,8.35
GRD,8.46
VEN,8.5
BEN,8.59
ATG,8.56
UGA,8.66
GRC,9.03
LAO,9.12
USA,9.06
SWE,9.29
THA,9.44
BRA,9.58
KOR,9.58
NZL,9.8
BGD,0.004
LBY,0.003
SOM,0
SDN,0.0002
YEM,0
AFG,0.01
MRT,0.004
PAK,0.055
BRN,0.11
EGY,0.11
IDN,0.076
IRN,0.2
NER,0.16
COM,0.22
KWT,0.17
GIN,0.29
SEN,0.27
IRQ,0.37
SLE,0.45
TLS,0.45
DZA,0.51
MAR,0.53
JOR,0.54
DJI,0.57
MYS,0.63
MMR,0.73
TJK,0.76
MDG,0.77
SSD,0.76
KIR,0.96
ERI,0.95
PNG,1.03
SLB,1
QAT,1.13
MOZ,1.12
TON,1.12
OMN,1.15
SYR,1.19
KHM,1.23
TGO,1.33
ETH,1.44
AZE,1.49
SGP,1.49
COD,1.58
VUT,1.58
LBN,1.61
NPL,1.71
UZB,1.71
TUN,1.78
LKA,1.81
TUV,1.83
EST,9.97
NLD,10.36
BGR,10.65
POL,10.71
SRB,10.72
CHE,10.9
AUS,11.07
SYC,11.34
MNE,11.43
SVK,11.46
LCA,11.72
HRV,11.81
BEL,11.9
DNK,11.97
SVN,11.95
ESP,12.07
LVA,12.06
GBR,12.25
BLR,12.17
MDA,12.36
FIN,12.63
AUT,12.65
DEU,12.72
LUX,12.7
LTU,12.87
AND,12.94
PRT,13.01
GEO,13.17
FRA,13.78
HUN,14.02
IRL,13.95
CZE,14.5
RUS,14.71
BFA,17.49
ROU,18.64
MDV,2.02
MWI,2
TUR,2.22
IND,2.25
BHR,2.32
KEN,2.3
GTM,2.32
NRU,2.33
CAF,2.35
GMB,2.58
ISR,2.79
LBR,2.85
COG,2.86
FSM,2.87
ARE,2.89
CIV,2.98
GNB,2.96
ZMB,3.04
LSO,3.12
NGA,3.15
TKM,3.19
TCD,3.25
CHN,3.31
SLV,3.25
BOL,3.35
FJI,3.42
MNG,3.4
HND,3.42
JAM,3.47
PRK,3.5
MLI,3.72
ECU,3.9
CRI,3.92
RWA,3.95
WSM,4.23
HTI,4.24
KAZ,4.27
COL,4.3
NIC,4.31
NIU,4.36
ARM,4.42
CPV,4.39
BTN,4.47
SUR,4.81
GHA,4.85
MKD,5.04
MEX,5.13
TTO,5.11
VCT,5.23
BIH,5.16
VNM,5.37
MLT,5.39
BWA,5.45
ALB,5.47
PAN,5.52
SWZ,5.68
PHL,5.68
DOM,5.75
PRY,5.76
GUY,5.84
CUB,6.03
BDI,6.09
TZA,6.22
CMR,6.33
PER,6.29
AGO,6.33
ZWE,6.43
URY,6.41
BHS,6.63
KGZ,6.75
BLZ,6.93
CYP,7.03
NOR,7.01
STP,7.18
DMA,7.18
CHL,7.28
JPN,7.31
ISL,7.42
GAB,7.69
KNA,7.84
NAM,7.85
VEN,7.86
GNQ,8.14
BRA,8.15
BRB,8.1
ARG,8.13
MUS,8.17
ZAF,8.34
ATG,8.43
GRD,8.43
UGA,8.59
BEN,8.65
LAO,8.99
ITA,9.03
GRC,9.02
USA,9
THA,9.37
SWE,9.35
NZL,9.66
CAN,9.8
UKR,9.93
KOR,9.85
BGD,0.004
LBY,0.003
SOM,0
SDN,0.0002
YEM,0
AFG,0.007
MRT,0.004
PAK,0.045
BRN,0.11
EGY,0.11
IDN,0.073
IRN,0.2
KWT,0.16
NER,0.17
COM,0.22
GIN,0.29
IRQ,0.28
SEN,0.26
SLE,0.45
TLS,0.45
DZA,0.46
MAR,0.53
JOR,0.54
DJI,0.57
MYS,0.64
MMR,0.71
MDG,0.74
TJK,0.79
SSD,0.76
ERI,0.91
PNG,0.93
KIR,0.98
QAT,1
SLB,1
TON,1.06
KHM,1.09
MOZ,1.07
OMN,1.13
SYR,1.25
TGO,1.32
ETH,1.41
AZE,1.46
COD,1.54
LBN,1.62
UZB,1.64
VUT,1.59
NPL,1.72
TUV,1.75
LKA,1.71
SGP,1.75
TUN,1.75
MDV,1.94
KOR,10.03
POL,10.41
NLD,10.44
BGR,10.55
SRB,10.57
AUS,11.06
CHE,11.09
MDA,11.37
LCA,11.39
MNE,11.45
SVN,11.54
SVK,11.45
LVA,11.64
ESP,11.6
SYC,11.71
HRV,11.83
BEL,12.01
DNK,12.09
FIN,12.26
GBR,12.25
LTU,12.46
BLR,12.48
AUT,12.64
GEO,12.85
AND,12.88
DEU,12.91
LUX,12.96
PRT,13.17
FRA,14.1
IRL,14.24
HUN,14.21
RUS,14.55
CZE,14.56
BFA,17.48
ROU,19.39
MWI,2
IND,2.17
KEN,2.24
TUR,2.31
GTM,2.34
CAF,2.39
MNG,2.39
BHR,2.49
GMB,2.58
NRU,2.69
LBR,2.8
ISR,2.77
COG,2.86
GNB,2.93
CIV,2.92
ARE,2.89
NGA,3.13
TKM,3.12
ZMB,3.08
TCD,3.22
LSO,3.2
BOL,3.16
FSM,3.21
CHN,3.3
SLV,3.31
HND,3.39
FJI,3.43
JAM,3.49
PRK,3.5
MLI,3.72
CRI,3.91
RWA,4
ARM,4.01
ECU,4
CPV,4.1
KAZ,4.07
NIC,4.24
WSM,4.27
HTI,4.3
NIU,4.36
BTN,4.47
COL,4.56
VNM,4.84
GHA,4.85
VCT,4.84
SUR,4.81
TTO,4.92
BIH,4.93
MKD,5.07
MEX,5.07
ALB,5.27
BWA,5.48
PAN,5.54
PRY,5.59
PHL,5.71
SWZ,5.65
MLT,5.76
CUB,5.89
AGO,5.97
BDI,6.03
DOM,6
GUY,6.02
PER,6.16
TZA,6.19
CMR,6.43
URY,6.4
ZWE,6.5
BLZ,6.53
KGZ,6.67
BHS,6.76
CHL,6.77
NOR,6.87
CYP,7.14
DMA,7.14
STP,7.2
JPN,7.23
ISL,7.27
VEN,7.52
KNA,7.69
GAB,7.75
GNQ,7.75
BRA,7.78
BRB,8.03
NAM,8.12
MUS,8.18
ARG,8.2
ATG,8.32
ZAF,8.37
GRD,8.43
UGA,8.56
BEN,8.72
LAO,8.87
USA,8.94
GRC,9.05
EST,9.11
THA,9.14
SWE,9.49
CAN,9.6
NZL,9.59
ITA,9.62
UKR,9.91
BGD,0.004
LBY,0.003
SOM,0
SDN,0.0002
YEM,0
AFG,0.005
MRT,0.004
PAK,0.044
EGY,0.11
IDN,0.076
IRN,0.2
KWT,0.16
NER,0.17
BRN,0.22
COM,0.22
IRQ,0.22
GIN,0.28
SEN,0.26
DZA,0.41
TLS,0.45
SLE,0.45
MAR,0.53
JOR,0.55
MMR,0.56
DJI,0.57
MYS,0.65
SSD,0.76
TJK,0.8
MDG,0.76
QAT,0.88
ERI,0.93
KHM,0.97
PNG,0.97
KIR,1.01
SLB,1
OMN,1.11
TON,1.06
MOZ,1.08
SYR,1.31
TGO,1.3
ETH,1.41
AZE,1.46
COD,1.52
UZB,1.59
VUT,1.59
LBN,1.63
NPL,1.73
TUN,1.73
TUV,1.75
LKA,1.79
UKR,10.24
SRB,10.31
MDA,10.4
BGR,10.42
NLD,10.54
KOR,10.77
AUS,10.92
LCA,11.1
LVA,11.27
CHE,11.25
MNE,11.46
SVK,11.68
FIN,11.8
ESP,11.84
HRV,11.89
SYC,11.99
LTU,11.98
SVN,12.06
BEL,12.14
BLR,12.06
GBR,12.19
DNK,12.2
GEO,12.47
AUT,12.72
DEU,13.11
AND,13.17
LUX,13.24
PRT,13.28
RUS,14.3
HUN,14.26
FRA,14.41
IRL,14.53
CZE,14.64
BFA,17.48
ROU,19.5
MDV,2.03
SGP,1.99
MWI,2.01
IND,2.07
KEN,2.26
TUR,2.35
GTM,2.38
CAF,2.45
BHR,2.6
GMB,2.56
MNG,2.58
LBR,2.78
COG,2.79
ISR,2.8
NRU,2.77
CIV,2.89
ARE,2.92
GNB,2.9
BOL,3.03
TCD,3.12
NGA,3.12
TKM,3.05
ZMB,3.1
LSO,3.29
SLV,3.31
HND,3.31
CHN,3.43
FJI,3.44
PRK,3.5
FSM,3.52
JAM,3.55
MLI,3.72
ARM,3.73
CPV,3.83
CRI,3.93
KAZ,3.94
RWA,4.1
ECU,4.13
NIC,4.13
VNM,4.33
WSM,4.31
HTI,4.32
BTN,4.47
VCT,4.6
TTO,4.65
SUR,4.73
GHA,4.8
BIH,4.79
COL,4.76
MKD,5.07
MEX,5.07
ALB,5.22
PAN,5.52
SWZ,5.63
BWA,5.58
PRY,5.74
PHL,5.71
CUB,5.75
GUY,5.81
AGO,5.89
BDI,5.95
PER,6.02
BLZ,6.11
TZA,6.19
MLT,6.2
NIU,6.2
DOM,6.29
CMR,6.38
ZWE,6.35
KGZ,6.42
NOR,6.64
CHL,6.7
URY,6.76
BHS,6.9
CYP,7.11
DMA,7.12
STP,7.22
ISL,7.17
JPN,7.27
BRA,7.31
GNQ,7.39
VEN,7.68
KNA,7.8
BRB,7.89
EST,8.06
GAB,8.15
MUS,8.24
ARG,8.25
GRD,8.27
ATG,8.37
ZAF,8.48
UGA,8.57
BEN,8.74
NAM,8.74
LAO,8.78
USA,8.88
THA,8.98
GRC,9.07
NZL,9.44
SWE,9.52
CAN,9.48
ITA,9.85
POL,9.94
BGD,0.004
LBY,0.003
SOM,0
SDN,0.0002
YEM,0
AFG,0.005
MRT,0.004
PAK,0.044
EGY,0.11
IDN,0.082
IRN,0.2
NER,0.18
COM,0.22
IRQ,0.19
KWT,0.16
BRN,0.3
GIN,0.28
SEN,0.27
DZA,0.39
MMR,0.41
SLE,0.45
TLS,0.45
MAR,0.53
JOR,0.55
DJI,0.57
QAT,0.71
MYS,0.67
MDG,0.77
TJK,0.83
SSD,0.76
KHM,0.87
ERI,1.03
PNG,0.99
TON,0.99
KIR,1.04
SLB,1
MOZ,1.12
OMN,1.09
TGO,1.3
SYR,1.35
ETH,1.45
AZE,1.46
COD,1.54
UZB,1.53
VUT,1.59
LBN,1.62
TUV,1.64
NPL,1.73
LKA,1.71
TUN,1.76
IND,1.94
ITA,10.01
SRB,10.24
BGR,10.27
UKR,10.37
NLD,10.76
LCA,10.83
AUS,10.89
KOR,10.99
LVA,11.1
CHE,11.15
MNE,11.48
FIN,11.6
LTU,11.61
HRV,11.86
ESP,12.04
SYC,12.07
SVK,12.08
GBR,12.07
BEL,12.21
DNK,12.26
GEO,12.36
SVN,12.48
BLR,12.62
AUT,13.07
AND,13.34
DEU,13.43
LUX,13.49
PRT,13.46
RUS,14.02
HUN,13.96
FRA,14.56
CZE,14.66
IRL,14.79
BFA,17.48
ROU,18.99
MWI,2.01
MDV,2.08
SGP,2.2
KEN,2.3
TUR,2.39
GTM,2.44
CAF,2.51
GMB,2.55
BHR,2.73
COG,2.72
LBR,2.78
ISR,2.79
MNG,2.76
CIV,2.86
GNB,2.88
ARE,2.95
TCD,2.96
TKM,2.98
BOL,3.06
NGA,3.1
ZMB,3.13
HND,3.17
SLV,3.21
FSM,3.17
LSO,3.35
CPV,3.41
FJI,3.45
PRK,3.5
MLI,3.72
ARM,3.68
CHN,3.68
JAM,3.76
KAZ,3.85
NRU,3.8
VNM,4.05
CRI,3.99
NIC,4.07
RWA,4.24
ECU,4.23
WSM,4.37
HTI,4.36
BTN,4.47
TTO,4.46
VCT,4.57
BIH,4.7
SUR,4.73
GHA,4.82
COL,4.98
ALB,5.09
MEX,5.09
MKD,5.12
NIU,5.38
GUY,5.42
BWA,5.54
CUB,5.58
PAN,5.59
SWZ,5.69
KGZ,5.7
PHL,5.75
AGO,5.75
BLZ,5.83
PER,5.9
PRY,6
BDI,6.07
TZA,6.19
CMR,6.28
ZWE,6.28
DOM,6.35
NOR,6.53
CHL,6.66
MLT,6.78
CYP,7
BRA,7.02
ISL,7.06
GNQ,7.08
DMA,7.11
STP,7.23
BHS,7.31
URY,7.35
EST,7.61
JPN,7.62
BRB,7.72
GRD,8
KNA,7.96
VEN,8.24
MUS,8.31
ARG,8.27
ATG,8.44
GAB,8.5
UGA,8.58
LAO,8.7
BEN,8.68
ZAF,8.74
THA,8.67
USA,8.81
GRC,9.13
NAM,9.17
SWE,9.3
CAN,9.39
NZL,9.41
MDA,9.45
POL,9.69
BGD,0.004
LBY,0.003
SOM,0
SDN,0.0002
YEM,0
AFG,0.005
MRT,0.004
PAK,0.044
EGY,0.11
IDN,0.082
IRN,0.2
NER,0.18
COM,0.22
IRQ,0.19
KWT,0.16
BRN,0.3
GIN,0.28
SEN,0.27
DZA,0.39
MMR,0.41
SLE,0.45
TLS,0.45
MAR,0.53
JOR,0.55
DJI,0.57
QAT,0.71
MYS,0.67
MDG,0.77
TJK,0.83
SSD,0.76
KHM,0.87
ERI,1.03
PNG,0.99
TON,0.99
KIR,1.04
SLB,1
MOZ,1.12
OMN,1.09
TGO,1.3
SYR,1.35
ETH,1.45
AZE,1.46
COD,1.54
UZB,1.53
VUT,1.59
LBN,1.62
TUV,1.64
NPL,1.73
LKA,1.71
TUN,1.76
IND,1.94
ITA,10.01
SRB,10.24
BGR,10.27
UKR,10.37
NLD,10.76
LCA,10.83
AUS,10.89
KOR,10.99
LVA,11.1
CHE,11.15
MNE,11.48
FIN,11.6
LTU,11.61
HRV,11.86
ESP,12.04
SYC,12.07
SVK,12.08
GBR,12.07
BEL,12.21
DNK,12.26
GEO,12.36
SVN,12.48
BLR,12.62
AUT,13.07
AND,13.34
DEU,13.43
LUX,13.49
PRT,13.46
RUS,14.02
HUN,13.96
FRA,14.56
CZE,14.66
IRL,14.79
BFA,17.48
ROU,18.99
MWI,2.01
MDV,2.08
SGP,2.2
KEN,2.3
TUR,2.39
GTM,2.44
CAF,2.51
GMB,2.55
BHR,2.73
COG,2.72
LBR,2.78
ISR,2.79
MNG,2.76
CIV,2.86
GNB,2.88
ARE,2.95
TCD,2.96
TKM,2.98
BOL,3.06
NGA,3.1
ZMB,3.13
HND,3.17
SLV,3.21
FSM,3.17
LSO,3.35
CPV,3.41
FJI,3.45
PRK,3.5
MLI,3.72
ARM,3.68
CHN,3.68
JAM,3.76
KAZ,3.85
NRU,3.8
VNM,4.05
CRI,3.99
NIC,4.07
RWA,4.24
ECU,4.23
WSM,4.37
HTI,4.36
BTN,4.47
TTO,4.46
VCT,4.57
BIH,4.7
SUR,4.73
GHA,4.82
COL,4.98
ALB,5.09
MEX,5.09
MKD,5.12
NIU,5.38
GUY,5.42
BWA,5.54
CUB,5.58
PAN,5.59
SWZ,5.69
KGZ,5.7
PHL,5.75
AGO,5.75
BLZ,5.83
PER,5.9
PRY,6
BDI,6.07
TZA,6.19
CMR,6.28
ZWE,6.28
DOM,6.35
NOR,6.53
CHL,6.66
MLT,6.78
CYP,7
BRA,7.02
ISL,7.06
GNQ,7.08
DMA,7.11
STP,7.23
BHS,7.31
URY,7.35
EST,7.61
JPN,7.62
BRB,7.72
GRD,8
KNA,7.96
VEN,8.24
MUS,8.31
ARG,8.27
ATG,8.44
GAB,8.5
UGA,8.58
LAO,8.7
BEN,8.68
ZAF,8.74
THA,8.67
USA,8.81
GRC,9.13
NAM,9.17
SWE,9.3
CAN,9.39
NZL,9.41
MDA,9.45
POL,9.69
